{
  "stats": {
    "total_return": -0.003995999999999913,
    "max_drawdown": -0.003995999999999913,
    "cagr": -0.007273492188024422,
    "sharpe": -1.9153157294384506,
    "total_trades": 3,
    "win_rate": 0.3333333333333333,
    "profit_factor": 0.7821807697687478,
    "blocked_trades": 0
  },
  "metadata": {
    "mode": "realistic_with_risk_management",
    "strategy_name": "",
    "blocked_trades": 0
  }
}