{
  "portfolio_stats": {
    "total_return": -0.003330666666666704,
    "cagr": -0.18272114727953004,
    "sharpe": -11.861315547857968,
    "max_drawdown": -0.0033306666666667296,
    "final_equity": 9966.693333333333,
    "initial_capital": 10000.0
  },
  "weights": {
    "BTC/EUR": 0.3333333333333333,
    "ETH/EUR": 0.3333333333333333,
    "LTC/EUR": 0.3333333333333333
  },
  "asset_stats": {
    "BTC/EUR": {
      "total_return": -0.002,
      "max_drawdown": -0.002,
      "cagr": -0.007273492188024422,
      "sharpe": -1.9104973174542799,
      "total_trades": 2,
      "win_rate": 0.5,
      "profit_factor": 2.087845107949815,
      "blocked_trades": 0
    },
    "ETH/EUR": {
      "total_return": -0.003995999999999913,
      "max_drawdown": -0.003995999999999913,
      "cagr": -0.014494224577048853,
      "sharpe": -2.7156011849898656,
      "total_trades": 3,
      "win_rate": 0.3333333333333333,
      "profit_factor": 1.3102474212082451,
      "blocked_trades": 0
    },
    "LTC/EUR": {
      "total_return": -0.003995999999999913,
      "max_drawdown": -0.003995999999999913,
      "cagr": -0.014494224577048853,
      "sharpe": -2.7156011849898656,
      "total_trades": 3,
      "win_rate": 0.3333333333333333,
      "profit_factor": 1.5899319171677047,
      "blocked_trades": 0
    }
  },
  "regime_distribution": {
    "TREND_UP_LOW_VOL": 0.17333333333333334,
    "RANGE_LOW_VOL": 0.8266666666666665
  }
}