{
  "stats": {
    "total_return": -0.005988008000000082,
    "max_drawdown": -0.005988008000000082,
    "cagr": -0.010890429438846994,
    "sharpe": -2.351719319209921,
    "total_trades": 4,
    "win_rate": 0.25,
    "profit_factor": 1.2178488542988966,
    "blocked_trades": 4
  },
  "metadata": {
    "mode": "realistic_with_risk_management",
    "strategy_name": "",
    "blocked_trades": 4
  }
}