{
  "stats": {
    "total_return": -0.0017992000000002007,
    "max_drawdown": -0.0017992000000002007,
    "cagr": -0.001462314497387207,
    "sharpe": -1.414922281605088
  },
  "metadata": {
    "name": "Portfolio – core_portfolio",
    "portfolio_name": "core_portfolio",
    "symbols": [
      "BTC/EUR",
      "ETH/EUR",
      "LTC/EUR"
    ],
    "weights": [
      0.5,
      0.3,
      0.2
    ],
    "initial_equity": 10000.0,
    "global_strategy_key": "rsi_reversion",
    "regime_distribution": {
      "RANGE_LOW_VOL": 0.78,
      "TREND_UP_LOW_VOL": 0.22
    },
    "symbols_stats": {
      "BTC/EUR": {
        "total_return": -0.002,
        "max_drawdown": -0.002,
        "cagr": -0.0048548759190197854,
        "sharpe": -1.5599145275730122,
        "total_trades": 2,
        "win_rate": 0.5,
        "profit_factor": 5.520698394013641,
        "blocked_trades": 0
      },
      "ETH/EUR": {
        "total_return": 0.0,
        "max_drawdown": 0.0,
        "cagr": 0.0,
        "sharpe": 0.0,
        "total_trades": 1,
        "win_rate": 1.0,
        "profit_factor": 0.0,
        "blocked_trades": 0
      },
      "LTC/EUR": {
        "total_return": -0.003996000000000095,
        "max_drawdown": -0.003996000000000095,
        "cagr": -0.009686246279925426,
        "sharpe": -2.2134926133939428,
        "total_trades": 3,
        "win_rate": 0.3333333333333333,
        "profit_factor": 1.2677606128625374,
        "blocked_trades": 0
      }
    },
    "symbols_regimes": {
      "BTC/EUR": {
        "RANGE_LOW_VOL": 0.7333333333333333,
        "TREND_UP_LOW_VOL": 0.26666666666666666
      },
      "ETH/EUR": {
        "RANGE_LOW_VOL": 0.8133333333333334,
        "TREND_UP_LOW_VOL": 0.18666666666666668
      },
      "LTC/EUR": {
        "RANGE_LOW_VOL": 0.8466666666666667,
        "TREND_UP_LOW_VOL": 0.15333333333333332
      }
    }
  }
}