{
  "stats": {
    "total_return": -0.005586019984006452,
    "max_drawdown": -0.005586019984006452,
    "cagr": -0.003406309917357686,
    "sharpe": -2.154141933248882
  },
  "metadata": {
    "name": "Portfolio – core_portfolio",
    "portfolio_name": "core_portfolio",
    "symbols": [
      "BTC/EUR",
      "ETH/EUR",
      "LTC/EUR"
    ],
    "weights": [
      0.5,
      0.3,
      0.2
    ],
    "initial_equity": 10000.0,
    "global_strategy_key": "ma_crossover",
    "regime_distribution": {
      "RANGE_LOW_VOL": 0.8785000000000001,
      "TREND_UP_LOW_VOL": 0.079,
      "TREND_DOWN_LOW_VOL": 0.0425
    },
    "symbols_stats": {
      "BTC/EUR": {
        "total_return": -0.005988008000000082,
        "max_drawdown": -0.005988008000000082,
        "cagr": -0.010890429438846994,
        "sharpe": -2.3517193192099213,
        "total_trades": 4,
        "win_rate": 0.25,
        "profit_factor": 0.3824964942743918,
        "blocked_trades": 3
      },
      "ETH/EUR": {
        "total_return": -0.002,
        "max_drawdown": -0.002,
        "cagr": -0.00364336503074425,
        "sharpe": -1.3509256086106292,
        "total_trades": 2,
        "win_rate": 0.5,
        "profit_factor": 3.3434411242437183,
        "blocked_trades": 0
      },
      "LTC/EUR": {
        "total_return": -0.009960079920031967,
        "max_drawdown": -0.009960079920031967,
        "cagr": -0.018084925223601056,
        "sharpe": -3.051586388614861,
        "total_trades": 6,
        "win_rate": 0.16666666666666666,
        "profit_factor": 0.7707753247552775,
        "blocked_trades": 14
      }
    },
    "symbols_regimes": {
      "BTC/EUR": {
        "RANGE_LOW_VOL": 0.81,
        "TREND_UP_LOW_VOL": 0.105,
        "TREND_DOWN_LOW_VOL": 0.085
      },
      "ETH/EUR": {
        "RANGE_LOW_VOL": 0.915,
        "TREND_UP_LOW_VOL": 0.085
      },
      "LTC/EUR": {
        "RANGE_LOW_VOL": 0.995,
        "TREND_UP_LOW_VOL": 0.005
      }
    }
  }
}